"","Cluster","Age","Income","Deductions","Hours","RISK_Adjustment"
"1",1,36.6524822695035,123045.447783688,22.7695035468085,35.4946808510638,0
"2",2,38.0669014084507,70359.2016373239,29.3286385005282,40.4278169014084,0
"3",3,44.4125269978402,59563.5080561555,181.460043196544,44.7386609071274,8729.85745140389
"4",4,35.5234567901235,80092.238962963,53.3827160493827,40.6246913580247,0
