"","Dim.1","Dim.2","Dim.3","Dim.4","Dim.5","Dim.6","Dim.7","Dim.8","Dim.9","Dim.10"
"Age",0.27701660395996,0.201057112009343,0.041980438183962,0.159247293060114,0.0547896378857396,0.00150864288431196,0.0051631547925042,0.00302950200851693,5.82194862785752e-05,0.0208192203294812
"Income",0.496869889711996,0.00216953011018844,0.0149980622874998,0.0222955463110012,0.00377893502857942,0.041141138737859,0.0246886709238937,0.00887665083116733,0.00011926232125511,0.00316304648769116
"Deductions",0.034262145710893,7.78717575318826e-05,0.00525713400387363,0.00885130648532159,0.0137396075632847,0.201406794594879,0.354275776198675,0.0172467936101669,0.0170523383781165,0.0373803200189777
"Hours",0.211420792532242,0.0636794851026527,0.00534751856215577,0.00106384266153819,0.101334438275806,0.0311511683869349,0.0130067598882816,0.00107897662461525,0.100476268216044,0.00558488812697599
"Employment",0.080650727997129,0.636297793149241,0.26094243659522,0.134799997842188,0.0650941661472776,0.255095242655847,0.0636307377378843,0.0092622917230582,0.483543785545873,0.0167945953939724
"Education",0.112906005463527,0.00527828284106871,0.385531147442754,0.333607772185841,0.364024422411176,0.0614228012222495,0.0843658828072948,0.0815577592758847,0.240783831543187,0.620731885893955
"Marital",0.57697520561101,0.195900230076851,0.130685179077753,0.436076725587159,0.198278576008946,0.224805213436975,0.205446307236428,0.699515111096673,0.0993330332288822,0.23332993321604
"Occupation",0.0655026850934792,0.700479653753884,0.680035950781353,0.271366774908588,0.323763542589967,0.250503831790643,0.291334474178308,0.173838421965034,0.00812355477597766,0.0062580799231426
"Gender",0.407588789359131,0.0627844890332759,0.159413554151386,0.0444600505785799,0.00313354419514366,0.000302884409491569,0.00124640489118349,0.00117752777437949,0.00280169999103163,0.000648275360902124
