"","Dim.1","Dim.2","Dim.3","Dim.4","Dim.5","Dim.6","Dim.7","Dim.8","Dim.9","Dim.10"
"Age",12.2400795194358,10.7648166324805,2.49261679274516,11.2799798079575,4.85750925764086,0.141346347899183,0.494954163965762,0.304294257966371,0.00611361711289991,2.20376781612711
"Income",21.954377008272,0.116159003685174,0.890520050139493,1.57926271375011,0.335030721021164,3.85455681359746,2.36672363460846,0.891603263606662,0.0125237135322805,0.334816575269001
"Deductions",1.51388538453255,0.00416933866353728,0.312145872378559,0.62696549818766,1.21811848937915,18.8700156638133,33.9618465199431,1.73233100659803,1.79066278985319,3.95680265210045
"Hours",9.34170470529202,3.40946894904656,0.317512516404323,0.0753552761268262,8.98405229596675,2.91858592253517,1.24686363766472,0.108376357047238,10.5509936976545,0.591174718174798
"Employment",3.5635817848952,34.0680764706561,15.4936329284332,9.54830204365611,5.771082395876,23.9001431623125,6.09981684943905,0.930338444738585,50.7768403864727,1.77775095456878
"Education",4.98879296525914,0.282605008848593,22.8911715506879,23.6304734713037,32.2734748778086,5.75476722873487,8.08754466411519,8.19195952684136,25.2846640725815,65.706060598239
"Marital",25.4938595610043,10.4887115604249,7.75952052964911,30.8886673350644,17.5788717670277,21.0622382794749,19.6946458753641,70.261855271596,10.4309428104286,24.6985712828282
"Occupation",2.89425999315417,37.5044431509273,40.3775926101602,19.221750540927,28.7040481759908,23.4699690208708,27.9281208672405,17.460966676761,0.853052932455596,0.662433794691322
"Gender",18.0094590781548,3.36154988526738,9.46528714940236,3.14924331302658,0.277812019288751,0.0283775607616779,0.119483787659087,0.118275194844647,0.294205979908928,0.0686216080013921
